po_id,approval_date,approver_user_id,required_approval_role,amount,approval_status
PO-00001,2026-01-19,U004,manager,19886.51,approved
PO-00002,2026-03-16,U006,manager,10147.56,approved
PO-00003,2026-03-06,U020,manager,33459.78,approved
PO-00004,2026-02-23,U020,manager,26655.09,approved
PO-00005,2026-02-14,U006,manager,74220.48,approved
PO-00006,2026-03-18,U001,manager,33146.98,approved
PO-00007,2026-03-24,U020,manager,15049.09,approved
PO-00008,2026-03-09,U006,buyer,8801.6,approved
PO-00009,2026-02-06,U004,manager,41332.59,approved
PO-00010,2026-01-28,U022,manager,21540.32,approved
PO-00011,2026-01-25,U002,manager,25545.14,approved
PO-00012,2026-03-19,U006,manager,17570.18,approved
PO-00013,2026-03-24,U001,buyer,6634.83,approved
PO-00014,2026-01-04,U003,manager,50805.94,approved
PO-00015,2026-02-14,U004,manager,37725.29,approved
PO-00016,2026-02-21,U006,manager,31423.61,approved
PO-00017,2026-02-14,U006,manager,42822.56,approved
PO-00018,2026-03-12,U002,manager,11247.88,approved
PO-00019,2026-01-29,U002,director,106746.84,approved
PO-00020,2026-02-25,U006,manager,21524.47,approved
PO-00021,2026-02-18,U001,manager,34607.91,approved
PO-00022,2026-02-20,U022,manager,45357.0,approved
PO-00023,2026-01-30,U006,buyer,3994.2,approved
PO-00024,2026-01-13,U006,manager,86921.89,approved
PO-00025,2026-03-18,U006,manager,27983.29,approved
PO-00026,2026-02-14,U003,buyer,8188.85,approved
PO-00027,2026-01-19,U003,manager,20890.51,approved
PO-00028,2026-01-27,U004,director,181829.55,approved
PO-00029,2026-02-12,U022,manager,22761.04,approved
PO-00030,2026-03-25,U020,buyer,9929.14,approved
PO-00031,2026-01-11,U011,manager,23970.26,approved
PO-00032,2026-02-14,U004,manager,35233.78,approved
PO-00033,2026-01-31,U020,manager,17426.44,approved
PO-00034,2026-01-24,U001,manager,17640.4,approved
PO-00035,2026-01-08,U001,manager,61497.57,approved
PO-00036,2026-03-01,U002,manager,48223.04,approved
PO-00037,2026-03-04,U004,manager,26792.8,approved
PO-00038,2026-03-11,U006,manager,25633.86,approved
PO-00039,2026-01-16,U003,manager,29805.48,approved
PO-00040,2026-02-15,U002,manager,19863.32,approved
PO-00041,2026-03-05,U002,manager,26713.14,approved
PO-00042,2026-01-14,U001,manager,29600.93,approved
PO-00043,2026-03-09,U002,manager,75639.41,approved
PO-00044,2026-03-26,U011,manager,11890.13,approved
PO-00045,2026-03-08,U020,manager,51949.38,approved
PO-00046,2026-01-24,U020,manager,86764.61,approved
PO-00047,2026-01-18,U004,manager,14767.32,approved
PO-00048,2026-01-31,U001,manager,30643.94,approved
PO-00049,2026-01-10,U011,manager,32088.88,approved
PO-00050,2026-03-06,U022,manager,24015.56,approved
PO-00051,2026-01-24,U001,manager,19248.91,approved
PO-00052,2026-01-17,U022,manager,13362.24,approved
PO-00053,2026-03-25,U006,buyer,5719.09,approved
PO-00054,2026-01-06,U004,manager,40211.38,approved
PO-00055,2026-02-18,U002,buyer,2722.3,approved
PO-00056,2026-02-18,U001,manager,38437.91,approved
PO-00057,2026-01-12,U001,manager,51043.01,approved
PO-00058,2026-01-07,U011,manager,13055.25,approved
PO-00059,2026-03-04,U022,manager,39894.17,approved
PO-00060,2026-03-21,U020,manager,44380.14,approved
PO-00061,2026-01-08,U001,manager,44415.42,approved
PO-00062,2026-03-13,U011,manager,19709.2,approved
PO-00063,2026-01-02,U022,manager,34379.63,approved
PO-00064,2026-03-22,U001,manager,30999.95,approved
PO-00065,2026-03-25,U004,manager,15285.86,approved
PO-00066,2026-03-09,U006,manager,18609.18,approved
PO-00067,2026-02-27,U020,manager,42383.08,approved
PO-00068,2026-01-14,U006,manager,18432.2,approved
PO-00069,2026-01-27,U004,manager,36880.88,approved
PO-00070,2026-01-16,U006,manager,28747.3,approved
PO-00071,2026-02-09,U001,manager,22834.48,approved
PO-00072,2026-01-16,U011,manager,29150.17,approved
PO-00073,2026-02-21,U006,manager,34160.28,approved
PO-00074,2026-02-11,U006,manager,28300.94,approved
PO-00075,2026-02-02,U006,manager,30585.2,approved
PO-00076,2026-01-29,U001,manager,43674.91,approved
PO-00077,2026-01-07,U022,manager,23986.97,approved
PO-00078,2026-03-25,U006,manager,31278.56,approved
PO-00079,2026-03-29,U001,manager,23572.6,approved
PO-00080,2026-03-15,U003,manager,35988.97,approved
PO-00081,2026-02-21,U006,manager,24878.06,approved
PO-00082,2026-03-28,U001,manager,44620.46,approved
PO-00083,2026-03-25,U011,manager,58825.76,approved
PO-00084,2026-01-23,U004,manager,10194.54,approved
PO-00085,2026-02-27,U011,manager,72010.51,approved
PO-00086,2026-02-06,U001,manager,62001.9,approved
PO-00087,2026-01-15,U003,manager,15680.3,approved
PO-00088,2026-03-11,U001,director,144696.09,approved
PO-00089,2026-01-25,U002,manager,31845.95,approved
PO-00090,2026-03-23,U002,manager,39026.17,approved
PO-00091,2026-03-30,U011,manager,89065.18,approved
PO-00092,2026-02-02,U004,manager,17402.15,approved
PO-00093,2026-02-14,U003,manager,12436.25,approved
PO-00094,2026-03-24,U001,manager,21471.3,approved
PO-00095,2026-01-15,U011,manager,30509.39,approved
PO-00096,2026-03-15,U006,manager,35559.71,approved
PO-00097,2026-02-11,U020,manager,44211.03,approved
PO-00098,2026-02-07,U011,manager,88697.59,approved
PO-00099,2026-01-28,U004,manager,15673.87,approved
PO-00100,2026-01-16,U006,manager,11541.95,approved
PO-00101,2026-01-27,U001,manager,33661.02,approved
PO-00102,2026-03-27,U020,manager,26489.17,approved
PO-00103,2026-02-11,U020,manager,25631.57,approved
PO-00104,2026-02-07,U006,manager,10366.44,approved
PO-00105,2026-01-05,U002,manager,43154.17,approved
PO-00106,2026-01-11,U002,manager,42624.5,approved
PO-00107,2026-02-21,U001,manager,22071.11,approved
PO-00108,2026-02-04,U002,director,180562.05,approved
PO-00109,2026-02-17,U020,manager,11744.76,approved
PO-00110,2026-01-29,U011,manager,55084.86,approved
PO-00111,2026-02-08,U002,manager,17975.31,approved
PO-00112,2026-01-28,U022,manager,14793.37,approved
PO-00113,2026-04-04,U011,manager,11866.86,approved
PO-00114,2026-02-10,U003,manager,55465.65,approved
PO-00115,2026-03-20,U006,manager,17603.35,approved
PO-00116,2026-03-14,U020,manager,19192.2,approved
PO-00117,2026-01-09,U006,manager,20303.59,approved
PO-00118,2026-01-11,U022,manager,36368.64,approved
PO-00119,2026-03-04,U001,manager,61467.98,approved
PO-00120,2026-01-31,U002,manager,34594.36,approved
PO-00121,2026-01-03,U006,manager,66334.45,approved
PO-00122,2026-03-17,U022,manager,71228.1,approved
PO-00123,2026-03-22,U004,manager,20546.79,approved
PO-00124,2026-01-27,U001,manager,34961.71,approved
PO-00125,2026-02-17,U001,manager,52102.83,approved
PO-00126,2026-02-14,U006,manager,47217.69,approved
PO-00127,2026-03-10,U020,manager,30557.22,approved
PO-00128,2026-02-08,U022,manager,84817.75,approved
PO-00129,2026-03-14,U020,manager,24078.75,approved
PO-00130,2026-04-04,U006,manager,24469.05,approved
PO-00131,2026-02-10,U011,manager,36727.35,approved
PO-00132,2026-02-24,U002,manager,25469.55,approved
PO-00133,2026-03-25,U001,manager,14213.29,approved
PO-00134,2026-01-08,U004,manager,61541.34,approved
PO-00135,2026-01-28,U006,manager,29474.67,approved
PO-00136,2026-01-10,U006,manager,57016.47,approved
PO-00137,2026-01-23,U006,manager,66627.85,approved
PO-00138,2026-01-16,U002,manager,12450.15,approved
PO-00139,2026-01-23,U011,manager,43136.81,approved
PO-00140,2026-03-09,U022,manager,20908.88,approved
PO-00141,2026-02-22,U020,manager,35215.65,approved
PO-00142,2026-03-07,U001,manager,45435.05,approved
PO-00143,2026-02-08,U020,manager,17864.36,approved
PO-00144,2026-02-14,U006,manager,14926.36,approved
PO-00145,2026-02-25,U006,manager,29568.54,approved
PO-00146,2026-02-15,U003,manager,23715.42,approved
PO-00147,2026-03-01,U011,manager,20614.09,approved
PO-00148,2026-02-28,U020,manager,37176.34,approved
PO-00149,2026-02-17,U003,manager,26480.37,approved
PO-00150,2026-03-14,U001,manager,41243.71,approved
PO-00151,2026-02-23,U002,manager,46021.73,approved
PO-00152,2026-01-08,U020,manager,18268.37,approved
PO-00153,2026-02-12,U020,manager,20429.19,approved
PO-00154,2026-03-01,U006,manager,36403.29,approved
PO-00155,2026-01-11,U006,manager,34641.21,approved
PO-00156,2026-03-03,U020,manager,33005.49,approved
PO-00157,2026-01-22,U003,manager,80375.8,approved
PO-00158,2026-01-20,U020,manager,84066.02,approved
PO-00159,2026-01-21,U004,buyer,9332.36,approved
PO-00160,2026-01-18,U004,manager,30169.7,approved
PO-00161,2026-01-01,U011,manager,24928.92,approved
PO-00162,2026-02-12,U006,manager,14756.77,approved
PO-00163,2026-02-02,U014,buyer,9575.24,approved
PO-00164,2026-03-27,U004,buyer,6274.32,approved
PO-00165,2026-02-20,U011,manager,23499.31,approved
PO-00166,2026-01-14,U006,manager,20714.11,approved
PO-00167,2026-02-07,U002,manager,32994.05,approved
PO-00168,2026-03-14,U002,manager,22973.5,approved
PO-00169,2026-03-19,U001,manager,47424.13,approved
PO-00170,2026-02-11,U003,manager,60977.8,approved
PO-00171,2026-02-19,U004,manager,17195.63,approved
PO-00172,2026-03-27,U022,manager,18982.98,approved
PO-00173,2026-02-27,U003,manager,69110.04,approved
PO-00174,2026-01-30,U006,manager,15347.66,approved
PO-00175,2026-02-25,U011,manager,90572.61,approved
PO-00176,2026-02-08,U002,director,116067.7,approved
PO-00177,2026-01-21,U002,manager,21888.57,approved
PO-00178,2026-03-08,U003,manager,29870.5,approved
PO-00179,2026-03-13,U002,manager,36697.57,approved
PO-00180,2026-03-30,U003,manager,11660.52,approved
PO-00181,2026-01-12,U001,director,115548.49,approved
PO-00182,2026-03-17,U014,buyer,6299.35,approved
PO-00183,2026-02-10,U001,manager,26741.64,approved
PO-00184,2026-03-17,U011,manager,21529.86,approved
PO-00185,2026-03-10,U003,director,111506.96,approved
PO-00186,2026-01-18,U011,manager,29359.55,approved
PO-00187,2026-02-10,U004,manager,10098.31,approved
PO-00188,2026-02-03,U020,manager,39846.98,approved
PO-00189,2026-02-09,U022,manager,34240.67,approved
PO-00190,2026-03-28,U006,manager,68003.45,approved
PO-00191,2026-02-25,U006,buyer,8163.35,approved
PO-00192,2026-02-17,U011,manager,54982.43,approved
PO-00193,2026-03-02,U011,manager,58437.49,approved
PO-00194,2026-03-23,U001,manager,17380.99,approved
PO-00195,2026-01-24,U020,manager,14372.14,approved
PO-00196,2026-03-09,U001,manager,17419.01,approved
PO-00197,2026-03-21,U020,manager,58009.39,approved
PO-00198,2026-02-09,U006,manager,48174.09,approved
PO-00199,2026-03-18,U001,manager,19564.16,approved
PO-00200,2026-01-05,U022,manager,50661.95,approved
PO-00201,2026-03-30,U001,manager,67129.12,approved
PO-00202,2026-02-14,U022,manager,21985.08,approved
PO-00203,2026-02-28,U004,manager,62299.13,approved
PO-00204,2026-02-04,U022,manager,20492.06,approved
PO-00205,2026-01-15,U002,manager,21164.83,approved
PO-00206,2026-01-07,U002,manager,24718.0,approved
PO-00207,2026-03-20,U006,manager,33344.37,approved
PO-00208,2026-01-20,U006,buyer,6398.09,approved
PO-00209,2026-03-10,U022,manager,12891.2,approved
PO-00210,2026-01-20,U011,buyer,5233.13,approved
PO-00211,2026-03-29,U001,manager,42031.95,approved
PO-00212,2026-03-26,U022,manager,65265.55,approved
PO-00213,2026-02-24,U011,manager,74754.28,approved
PO-00214,2026-02-10,U020,buyer,6812.69,approved
PO-00215,2026-03-08,U006,manager,27916.73,approved
PO-00216,2026-02-15,U011,manager,11741.98,approved
PO-00217,2026-02-10,U004,manager,10441.81,approved
PO-00218,2026-02-27,U004,manager,18006.07,approved
PO-00219,2026-01-29,U011,manager,10820.39,approved
PO-00220,2026-03-16,U001,director,112582.04,approved
PO-00221,2026-03-03,U014,buyer,9526.53,approved
PO-00222,2026-01-06,U006,manager,13403.85,approved
PO-00223,2026-01-13,U003,manager,23697.72,approved
PO-00224,2026-02-07,U004,manager,27774.47,approved
PO-00225,2026-02-07,U004,manager,27228.38,approved
PO-00226,2026-01-20,U004,manager,11603.29,approved
PO-00227,2026-03-31,U002,manager,31622.22,approved
PO-00228,2026-02-26,U006,manager,32332.49,approved
PO-00229,2026-03-21,U002,manager,43786.46,approved
PO-00230,2026-02-03,U001,manager,23576.62,approved
PO-00231,2026-01-05,U002,manager,51992.6,approved
PO-00232,2026-02-13,U003,buyer,9758.22,approved
PO-00233,2026-02-27,U002,manager,66716.95,approved
PO-00234,2026-03-15,U004,manager,48491.57,approved
PO-00235,2026-02-04,U006,manager,33535.72,approved
PO-00236,2026-02-19,U003,manager,37023.5,approved
PO-00237,2026-03-14,U020,manager,52890.74,approved
PO-00238,2026-02-17,U020,manager,48508.97,approved
PO-00239,2026-01-29,U020,manager,12869.46,approved
PO-00240,2026-03-10,U002,manager,58109.31,approved
PO-00241,2026-01-23,U011,manager,31228.45,approved
PO-00242,2026-02-17,U004,manager,60461.48,approved
PO-00243,2026-03-20,U002,manager,35453.8,approved
PO-00244,2026-04-03,U020,manager,13446.22,approved
PO-00245,2026-01-15,U020,manager,12460.18,approved
PO-00246,2026-02-19,U001,manager,36197.54,approved
PO-00247,2026-02-02,U006,manager,57450.51,approved
PO-00248,2026-02-07,U002,buyer,9435.45,approved
PO-00249,2026-02-16,U022,manager,21067.51,approved
PO-00250,2026-03-27,U006,manager,56190.16,approved
PO-00251,2026-02-18,U020,manager,20766.62,approved
PO-00252,2026-01-08,U011,manager,93427.44,approved
PO-00253,2026-04-02,U022,manager,42883.14,approved
PO-00254,2026-01-17,U004,manager,62906.93,approved
PO-00255,2026-01-24,U022,manager,16646.72,approved
PO-00256,2026-02-04,U006,manager,96383.68,approved
PO-00257,2026-01-30,U020,manager,46016.42,approved
PO-00258,2026-03-25,U011,manager,35527.33,approved
PO-00259,2026-04-03,U002,manager,47037.12,approved
PO-00260,2026-02-16,U020,manager,33674.65,approved
PO-00261,2026-02-12,U022,manager,72646.52,approved
PO-00262,2026-03-02,U002,manager,25982.57,approved
PO-00263,2026-02-01,U003,manager,23315.0,approved
PO-00264,2026-03-27,U004,manager,24581.61,approved
PO-00265,2026-02-15,U006,manager,32790.65,approved
PO-00266,2026-01-28,U001,manager,29409.88,approved
PO-00267,2026-03-07,U022,buyer,7656.53,approved
PO-00268,2026-03-09,U020,manager,60613.72,approved
PO-00269,2026-02-05,U020,manager,14416.11,approved
PO-00270,2026-01-29,U002,manager,19855.74,approved
PO-00271,2026-01-18,U006,manager,21726.9,approved
PO-00272,2026-02-14,U020,manager,47737.93,approved
PO-00273,2026-02-01,U001,buyer,6345.44,approved
PO-00274,2026-01-07,U002,manager,10476.93,approved
PO-00275,2026-03-23,U001,director,149507.53,approved
PO-00276,2026-01-02,U004,manager,70043.48,approved
PO-00277,2026-02-28,U001,manager,93195.74,approved
PO-00278,2026-01-24,U003,manager,22952.11,approved
PO-00279,2026-03-20,U004,manager,65840.65,approved
PO-00280,2026-02-13,U011,manager,23946.56,approved
PO-00281,2026-02-11,U006,manager,20296.68,approved
PO-00282,2026-03-18,U006,buyer,7717.53,approved
PO-00283,2026-02-11,U022,manager,26058.71,approved
PO-00284,2026-02-19,U002,manager,22843.64,approved
PO-00285,2026-03-18,U001,buyer,5805.16,approved
PO-00286,2026-03-27,U006,manager,14040.52,approved
PO-00287,2026-01-16,U003,manager,22402.65,approved
PO-00288,2026-03-16,U002,manager,12277.93,approved
PO-00289,2026-03-28,U003,manager,46581.15,approved
PO-00290,2026-01-26,U001,manager,21912.95,approved
PO-00291,2026-01-10,U011,manager,34128.54,approved
PO-00292,2026-02-06,U001,manager,63217.4,approved
PO-00293,2026-01-16,U006,manager,35701.95,approved
PO-00294,2026-03-26,U001,manager,10548.93,approved
PO-00295,2026-02-09,U006,manager,44606.44,approved
PO-00296,2026-03-15,U020,manager,18323.23,approved
PO-00297,2026-02-06,U001,buyer,8626.26,approved
PO-00298,2026-03-22,U022,manager,23731.31,approved
PO-00299,2026-03-25,U020,manager,38031.17,approved
PO-00300,2026-02-27,U020,manager,36504.2,approved
PO-00301,2026-01-19,U006,buyer,8789.81,approved
PO-00302,2026-01-27,U011,manager,27926.48,approved
PO-00303,2026-01-04,U001,manager,55710.37,approved
PO-00304,2026-02-11,U006,manager,17187.5,approved
PO-00305,2026-01-20,U006,manager,27781.87,approved
PO-00306,2026-01-31,U020,manager,28953.03,approved
PO-00307,2026-01-22,U020,manager,31207.73,approved
PO-00308,2026-01-31,U006,manager,60590.4,approved
PO-00309,2026-02-16,U006,manager,30499.17,approved
PO-00310,2026-02-14,U011,manager,11171.81,approved
PO-00311,2026-03-13,U001,manager,13193.26,approved
PO-00312,2026-01-14,U006,manager,32555.31,approved
PO-00313,2026-01-26,U022,buyer,6780.46,approved
PO-00314,2026-03-24,U003,manager,27688.39,approved
PO-00315,2026-01-13,U001,manager,29410.46,approved
PO-00316,2026-03-19,U001,manager,39176.2,approved
PO-00317,2026-01-20,U006,manager,20765.69,approved
PO-00318,2026-01-14,U004,manager,29060.58,approved
PO-00319,2026-03-28,U003,manager,16432.32,approved
PO-00320,2026-02-02,U006,manager,15915.56,approved
PO-00321,2026-02-12,U004,manager,53917.31,approved
PO-00322,2026-02-01,U006,manager,18459.95,approved
PO-00323,2026-02-01,U002,manager,35070.24,approved
PO-00324,2026-02-03,U006,manager,60788.71,approved
PO-00325,2026-03-25,U020,manager,87802.68,approved
PO-00326,2026-04-03,U006,manager,76953.14,approved
PO-00327,2026-01-28,U002,manager,17845.96,approved
PO-00328,2026-03-07,U002,buyer,9427.69,approved
PO-00329,2026-01-19,U011,manager,22272.22,approved
PO-00330,2026-01-16,U006,manager,19718.56,approved
PO-00331,2026-03-30,U002,manager,26125.95,approved
PO-00332,2026-02-25,U022,manager,22734.37,approved
PO-00333,2026-01-26,U006,manager,24986.7,approved
PO-00334,2026-04-01,U006,buyer,7506.03,approved
PO-00335,2026-01-22,U002,manager,34553.92,approved
PO-00336,2026-01-27,U002,director,103521.07,approved
PO-00337,2026-02-25,U006,manager,96666.33,approved
PO-00338,2026-01-16,U002,manager,42009.78,approved
PO-00339,2026-01-26,U001,manager,45463.64,approved
PO-00340,2026-02-26,U003,manager,15875.87,approved
PO-00341,2026-03-15,U011,manager,19826.59,approved
PO-00342,2026-03-10,U004,director,132587.25,approved
PO-00343,2026-01-20,U002,manager,34637.26,approved
PO-00344,2026-03-28,U003,manager,68545.83,approved
PO-00345,2026-03-13,U006,manager,29569.87,approved
PO-00346,2026-01-06,U022,manager,41269.13,approved
PO-00347,2026-01-04,U022,manager,48228.58,approved
PO-00348,2026-02-20,U004,manager,44046.74,approved
PO-00349,2026-02-05,U001,manager,13087.25,approved
PO-00350,2026-01-15,U002,manager,23380.73,approved
PO-00351,2026-01-31,U001,director,127624.34,approved
PO-00352,2026-01-10,U006,manager,27172.61,approved
PO-00353,2026-01-28,U004,manager,65505.61,approved
PO-00354,2026-01-16,U004,manager,25442.7,approved
PO-00355,2026-03-16,U006,manager,11701.16,approved
PO-00356,2026-03-14,U022,manager,15428.73,approved
PO-00357,2026-03-26,U004,buyer,9464.03,approved
PO-00358,2026-02-13,U020,buyer,7543.61,approved
PO-00359,2026-02-07,U020,manager,21750.15,approved
PO-00360,2026-03-20,U004,manager,16139.4,approved
PO-00361,2026-02-23,U002,manager,10217.11,approved
PO-00362,2026-02-05,U022,manager,15581.21,approved
PO-00363,2026-01-24,U020,manager,17949.02,approved
PO-00364,2026-02-26,U002,manager,38692.09,approved
PO-00365,2026-03-12,U004,manager,39377.38,approved
PO-00366,2026-02-13,U011,manager,29797.06,approved
PO-00367,2026-01-13,U001,manager,55607.55,approved
PO-00368,2026-04-03,U020,manager,28607.99,approved
PO-00369,2026-03-04,U011,manager,32425.12,approved
PO-00370,2026-01-25,U004,manager,13368.24,approved
PO-00371,2026-01-05,U004,manager,16652.41,approved
PO-00372,2026-03-18,U004,manager,25953.73,approved
PO-00373,2026-02-18,U004,manager,20594.36,approved
PO-00374,2026-02-26,U001,manager,94675.16,approved
PO-00375,2026-02-21,U003,manager,41068.31,approved
PO-00376,2026-02-12,U004,manager,44113.84,approved
PO-00377,2026-01-27,U004,manager,24448.62,approved
PO-00378,2026-03-16,U004,manager,36048.09,approved
PO-00379,2026-01-30,U006,manager,80121.31,approved
PO-00380,2026-01-07,U022,manager,16948.15,approved
PO-00381,2026-01-03,U001,manager,64999.81,approved
PO-00382,2026-02-01,U001,buyer,9649.08,approved
PO-00383,2026-02-26,U022,manager,40858.27,approved
PO-00384,2026-03-18,U001,manager,55645.59,approved
PO-00385,2026-03-17,U006,manager,54946.01,approved
PO-00386,2026-02-21,U002,manager,53054.47,approved
PO-00387,2026-03-14,U001,buyer,9885.58,approved
PO-00388,2026-03-06,U020,manager,21512.46,approved
PO-00389,2026-01-27,U002,manager,85378.04,approved
PO-00390,2026-01-23,U006,manager,57822.66,approved
PO-00391,2026-03-06,U006,manager,17755.76,approved
PO-00392,2026-03-17,U004,manager,16329.04,approved
PO-00393,2026-03-21,U020,manager,37931.79,approved
PO-00394,2026-02-09,U006,manager,25225.13,approved
PO-00395,2026-03-21,U006,manager,23955.36,approved
PO-00396,2026-02-13,U011,manager,16414.3,approved
PO-00397,2026-01-29,U022,manager,33372.37,approved
PO-00398,2026-03-04,U020,manager,49184.7,approved
PO-00399,2026-03-28,U011,manager,27410.81,approved
PO-00400,2026-03-10,U011,manager,44759.47,approved
PO-00401,2026-03-28,U003,manager,27475.88,approved
PO-00402,2026-01-14,U001,director,177976.9,approved
PO-00403,2026-01-18,U002,manager,43594.63,approved
PO-00404,2026-01-08,U020,manager,72364.3,approved
PO-00405,2026-02-17,U020,buyer,8617.9,approved
PO-00406,2026-01-28,U003,manager,17279.31,approved
PO-00407,2026-01-16,U020,manager,24167.06,approved
PO-00408,2026-02-13,U006,manager,15355.68,approved
PO-00409,2026-03-14,U004,buyer,6019.71,approved
PO-00410,2026-02-08,U006,manager,21072.37,approved
PO-00411,2026-03-28,U020,manager,83841.08,approved
PO-00412,2026-01-29,U022,manager,37281.49,approved
PO-00413,2026-02-25,U020,manager,39474.0,approved
PO-00414,2026-01-09,U001,manager,55319.26,approved
PO-00415,2026-03-24,U020,manager,23528.97,approved
PO-00416,2026-01-14,U020,manager,61273.65,approved
PO-00417,2026-03-10,U002,manager,29172.1,approved
PO-00418,2026-01-14,U004,manager,43792.14,approved
PO-00419,2026-02-15,U001,manager,13555.09,approved
PO-00420,2026-03-20,U020,manager,28501.41,approved
PO-00421,2026-01-13,U022,manager,36042.27,approved
PO-00422,2026-01-20,U011,manager,16187.73,approved
PO-00423,2026-01-29,U001,manager,12821.3,approved
PO-00424,2026-01-02,U022,buyer,8732.75,approved
PO-00425,2026-01-03,U020,manager,36264.14,approved
PO-00426,2026-02-08,U004,manager,31799.67,approved
PO-00427,2026-03-26,U006,manager,50968.18,approved
PO-00428,2026-03-02,U011,manager,40236.76,approved
PO-00429,2026-01-31,U004,director,106135.59,approved
PO-00430,2026-04-01,U006,manager,33829.0,approved
PO-00431,2026-03-12,U006,manager,49521.39,approved
PO-00432,2026-02-05,U002,manager,34824.77,approved
PO-00433,2026-03-09,U001,manager,29956.94,approved
PO-00434,2026-03-31,U001,manager,19672.85,approved
PO-00435,2026-04-01,U011,manager,42265.98,approved
PO-00436,2026-02-23,U022,manager,28540.19,approved
PO-00437,2026-02-13,U006,manager,13183.14,approved
PO-00438,2026-01-05,U006,manager,30579.74,approved
PO-00439,2026-01-06,U001,manager,12798.54,approved
PO-00440,2026-02-14,U022,manager,30989.42,approved
PO-00441,2026-02-21,U003,manager,58425.56,approved
PO-00442,2026-02-01,U006,manager,45015.84,approved
PO-00443,2026-01-07,U006,manager,10587.79,approved
PO-00444,2026-03-09,U006,buyer,9657.76,approved
PO-00445,2026-03-14,U011,buyer,4955.1,approved
PO-00446,2026-03-30,U006,manager,20890.67,approved
PO-00447,2026-03-24,U011,manager,26410.95,approved
PO-00448,2026-02-05,U011,buyer,7461.9,approved
PO-00449,2026-01-21,U020,manager,17155.35,approved
PO-00450,2026-03-30,U006,buyer,7780.89,approved
PO-00451,2026-01-06,U011,manager,17038.55,approved
PO-00452,2026-02-24,U004,manager,60286.66,approved
PO-00453,2026-02-07,U001,manager,29604.12,approved
PO-00454,2026-01-26,U006,manager,82536.93,approved
PO-00455,2026-01-23,U003,manager,43427.83,approved
PO-00456,2026-01-27,U001,manager,19512.29,approved
PO-00457,2026-03-18,U022,manager,80730.58,approved
PO-00458,2026-03-31,U020,manager,49940.81,approved
PO-00459,2026-03-30,U003,buyer,8029.42,approved
PO-00460,2026-02-11,U020,manager,21012.75,approved
PO-00461,2026-03-10,U002,manager,15964.23,approved
PO-00462,2026-01-26,U003,manager,23053.74,approved
PO-00463,2026-01-04,U020,manager,33505.74,approved
PO-00464,2026-01-08,U001,manager,59069.04,approved
PO-00465,2026-02-28,U022,manager,32376.67,approved
PO-00466,2026-01-13,U006,manager,21883.52,approved
PO-00467,2026-03-22,U002,manager,50333.63,approved
PO-00468,2026-01-08,U006,manager,21908.23,approved
PO-00469,2026-02-07,U001,manager,41898.57,approved
PO-00470,2026-03-26,U022,manager,23276.18,approved
PO-00471,2026-03-04,U006,manager,65180.54,approved
PO-00472,2026-01-06,U006,manager,28563.3,approved
PO-00473,2026-01-19,U003,manager,18280.8,approved
PO-00474,2026-03-24,U006,manager,11111.57,approved
PO-00475,2026-02-14,U022,manager,29399.6,approved
PO-00476,2026-02-09,U011,manager,19070.76,approved
PO-00477,2026-02-21,U003,manager,69585.32,approved
PO-00478,2026-04-03,U020,manager,41843.64,approved
PO-00479,2026-01-27,U003,manager,32337.23,approved
PO-00480,2026-02-25,U006,manager,21646.68,approved
PO-00481,2026-01-20,U022,manager,41245.33,approved
PO-00482,2026-01-27,U022,manager,13549.35,approved
PO-00483,2026-03-19,U006,buyer,6591.83,approved
PO-00484,2026-03-05,U006,manager,11173.77,approved
PO-00485,2026-03-24,U006,manager,28487.8,approved
PO-00486,2026-02-10,U004,director,118863.91,approved
PO-00487,2026-01-23,U002,manager,57414.47,approved
PO-00488,2026-03-14,U022,manager,30007.92,approved
PO-00489,2026-01-25,U020,manager,21913.04,approved
PO-00490,2026-03-11,U022,manager,22018.89,approved
PO-00491,2026-02-14,U004,manager,26121.46,approved
PO-00492,2026-01-31,U006,manager,23299.47,approved
PO-00493,2026-01-13,U003,manager,71355.11,approved
PO-00494,2026-02-19,U014,buyer,8378.61,approved
PO-00495,2026-03-27,U003,manager,58713.73,approved
PO-00496,2026-01-29,U020,manager,20392.14,approved
PO-00497,2026-03-01,U020,manager,11601.03,approved
PO-00498,2026-02-15,U001,manager,17242.9,approved
PO-00499,2026-01-22,U002,manager,24466.57,approved
PO-00500,2026-01-16,U001,manager,68500.5,approved
PO-00501,2026-03-18,U006,manager,16452.18,approved
PO-00502,2026-01-24,U003,manager,76962.08,approved
PO-00503,2026-03-28,U002,manager,17654.09,approved
PO-00504,2026-03-20,U011,manager,73945.27,approved
PO-00505,2026-03-25,U020,manager,21888.95,approved
PO-00506,2026-02-03,U001,director,132998.18,approved
PO-00507,2026-01-29,U020,manager,47839.55,approved
PO-00508,2026-04-01,U001,manager,22742.7,approved
PO-00509,2026-02-28,U022,manager,91646.95,approved
PO-00510,2026-01-07,U004,manager,30301.61,approved
PO-00511,2026-03-21,U020,manager,12080.77,approved
PO-00512,2026-02-28,U022,manager,21853.96,approved
PO-00513,2026-01-18,U006,manager,10351.68,approved
PO-00514,2026-03-17,U022,manager,11252.34,approved
PO-00515,2026-01-03,U006,manager,53012.19,approved
PO-00516,2026-03-17,U011,manager,32227.18,approved
PO-00517,2026-02-10,U004,manager,15422.19,approved
PO-00518,2026-03-01,U002,manager,37766.35,approved
PO-00519,2026-01-30,U020,manager,15695.92,approved
PO-00520,2026-02-15,U004,manager,32687.54,approved
PO-00521,2026-02-11,U020,manager,32702.52,approved
PO-00522,2026-01-13,U006,manager,51261.69,approved
PO-00523,2026-02-02,U004,buyer,4389.62,approved
PO-00524,2026-01-19,U022,manager,38093.95,approved
PO-00525,2026-01-04,U002,manager,73202.63,approved
PO-00526,2026-02-18,U006,manager,69556.47,approved
PO-00527,2026-01-25,U003,manager,49099.49,approved
PO-00528,2026-03-18,U020,manager,27234.49,approved
PO-00529,2026-02-07,U022,manager,25145.46,approved
PO-00530,2026-02-07,U004,buyer,6763.02,approved
PO-00531,2026-01-30,U020,manager,15454.28,approved
PO-00532,2026-03-02,U011,manager,21258.67,approved
PO-00533,2026-01-19,U014,buyer,9908.88,approved
PO-00534,2026-03-08,U006,buyer,7629.86,approved
PO-00535,2026-01-25,U022,manager,16124.81,approved
PO-00536,2026-03-21,U006,buyer,8586.96,approved
PO-00537,2026-03-16,U001,manager,24237.93,approved
PO-00538,2026-02-04,U001,buyer,8752.71,approved
PO-00539,2026-01-01,U022,manager,32309.27,approved
PO-00540,2026-01-21,U002,manager,16330.1,approved
PO-00541,2026-01-17,U003,manager,14290.29,approved
PO-00542,2026-02-24,U002,manager,22312.08,approved
PO-00543,2026-01-10,U003,manager,18961.41,approved
PO-00544,2026-01-22,U004,manager,30973.57,approved
PO-00545,2026-03-21,U004,manager,22896.59,approved
PO-00546,2026-01-12,U020,manager,23456.1,approved
PO-00547,2026-01-29,U006,manager,18090.57,approved
PO-00548,2026-01-31,U020,manager,15750.21,approved
PO-00549,2026-03-13,U020,manager,33865.89,approved
PO-00550,2026-03-07,U002,manager,19657.87,approved
PO-00551,2026-01-25,U003,buyer,5386.53,approved
PO-00552,2026-02-04,U020,manager,21585.53,approved
PO-00553,2026-03-29,U006,manager,20750.57,approved
PO-00554,2026-02-18,U001,manager,48197.17,approved
PO-00555,2026-03-25,U020,manager,77306.36,approved
PO-00556,2026-01-05,U001,director,153292.28,approved
PO-00557,2026-01-25,U011,manager,17897.89,approved
PO-00558,2026-02-18,U001,manager,45669.26,approved
PO-00559,2026-03-19,U011,manager,45077.47,approved
PO-00560,2026-02-11,U022,buyer,7556.02,approved
PO-00561,2026-03-25,U011,buyer,6609.43,approved
PO-00562,2026-01-07,U003,buyer,6184.13,approved
PO-00563,2026-01-26,U011,manager,28109.69,approved
PO-00564,2026-02-06,U002,manager,16733.81,approved
PO-00565,2026-03-17,U001,manager,65981.28,approved
PO-00566,2026-01-10,U004,manager,19994.16,approved
PO-00567,2026-03-20,U006,manager,71122.76,approved
PO-00568,2026-01-25,U020,manager,41590.31,approved
PO-00569,2026-01-28,U003,director,120891.26,approved
PO-00570,2026-03-06,U022,buyer,5375.32,approved
PO-00571,2026-01-03,U001,manager,52138.35,approved
PO-00572,2026-02-11,U001,manager,20562.74,approved
PO-00573,2026-01-27,U003,manager,34375.35,approved
PO-00574,2026-02-06,U001,manager,41297.43,approved
PO-00575,2026-03-07,U020,manager,16907.51,approved
PO-00576,2026-01-17,U001,manager,12736.83,approved
PO-00577,2026-03-11,U006,manager,77716.41,approved
PO-00578,2026-02-03,U006,manager,37542.43,approved
PO-00579,2026-02-18,U004,manager,58941.24,approved
PO-00580,2026-02-16,U011,manager,76122.67,approved
PO-00581,2026-02-04,U002,director,182692.23,approved
PO-00582,2026-01-26,U002,manager,35075.91,approved
PO-00583,2026-03-23,U022,manager,15987.03,approved
PO-00584,2026-03-25,U022,manager,32223.04,approved
PO-00585,2026-01-07,U022,manager,62688.71,approved
PO-00586,2026-02-11,U003,manager,19684.87,approved
PO-00587,2026-01-24,U002,manager,16183.18,approved
PO-00588,2026-01-03,U004,buyer,6498.07,approved
PO-00589,2026-01-17,U003,manager,31627.61,approved
PO-00590,2026-01-08,U002,manager,25755.71,approved
PO-00591,2026-02-11,U022,manager,20701.17,approved
PO-00592,2026-03-26,U020,manager,44836.33,approved
PO-00593,2026-01-09,U006,manager,28647.75,approved
PO-00594,2026-02-05,U004,manager,40269.53,approved
PO-00595,2026-01-01,U001,director,213974.56,approved
PO-00596,2026-03-14,U022,manager,61643.48,approved
PO-00597,2026-03-17,U001,manager,30620.87,approved
PO-00598,2026-02-02,U020,manager,29195.28,approved
PO-00599,2026-02-22,U002,manager,19861.09,approved
PO-00600,2026-02-18,U003,manager,30437.62,approved
PO-00601,2026-02-26,U006,manager,13744.11,approved
PO-00602,2026-01-11,U022,manager,28945.02,approved
PO-00603,2026-02-26,U006,buyer,8006.19,approved
PO-00604,2026-03-15,U002,manager,56881.54,approved
PO-00605,2026-02-06,U006,manager,97900.78,approved
PO-00606,2026-02-25,U004,manager,17295.88,approved
PO-00607,2026-02-16,U004,manager,12823.24,approved
PO-00608,2026-01-29,U001,manager,12264.55,approved
PO-00609,2026-02-06,U001,manager,40936.93,approved
PO-00610,2026-01-06,U002,manager,41678.99,approved
PO-00611,2026-01-12,U004,manager,53497.41,approved
PO-00612,2026-03-24,U002,buyer,6157.18,approved
PO-00613,2026-02-23,U003,manager,73189.32,approved
PO-00614,2026-02-15,U020,manager,23096.11,approved
PO-00615,2026-03-12,U006,manager,57518.8,approved
PO-00616,2026-02-22,U004,director,104045.74,approved
PO-00617,2026-02-23,U002,manager,20795.28,approved
PO-00618,2026-03-19,U006,manager,39472.01,approved
PO-00619,2026-02-19,U011,manager,20570.51,approved
PO-00620,2026-02-05,U022,manager,22069.28,approved
PO-00621,2026-02-09,U011,manager,81409.81,approved
PO-00622,2026-02-19,U006,manager,23024.29,approved
PO-00623,2026-03-14,U011,manager,51742.13,approved
PO-00624,2026-02-07,U011,manager,43653.96,approved
PO-00625,2026-03-10,U022,manager,72251.36,approved
PO-00626,2026-01-14,U004,director,118036.66,approved
PO-00627,2026-03-13,U006,manager,44124.11,approved
PO-00628,2026-02-13,U001,manager,56664.12,approved
PO-00629,2026-03-29,U003,manager,94268.19,approved
PO-00630,2026-03-23,U006,manager,40742.99,approved
PO-00631,2026-02-17,U011,manager,13131.7,approved
PO-00632,2026-01-31,U001,manager,84787.59,approved
PO-00633,2026-03-28,U003,manager,32619.71,approved
PO-00634,2026-03-23,U020,manager,85656.78,approved
PO-00635,2026-01-15,U014,buyer,3670.03,approved
PO-00636,2026-01-21,U003,manager,81376.69,approved
PO-00637,2026-04-05,U006,manager,43655.2,approved
PO-00638,2026-01-12,U003,manager,28448.41,approved
PO-00639,2026-03-14,U003,manager,55848.4,approved
PO-00640,2026-03-21,U011,manager,65377.13,approved
PO-00641,2026-03-23,U004,manager,50012.48,approved
PO-00642,2026-03-18,U004,manager,51431.71,approved
PO-00643,2026-02-15,U022,manager,14834.49,approved
PO-00644,2026-01-16,U006,manager,11966.14,approved
PO-00645,2026-02-28,U022,buyer,8198.76,approved
PO-00646,2026-03-16,U003,manager,71173.96,approved
PO-00647,2026-01-25,U004,manager,21915.87,approved
PO-00648,2026-03-29,U006,manager,19239.3,approved
PO-00649,2026-03-16,U022,manager,28846.05,approved
PO-00650,2026-02-16,U003,manager,47801.05,approved
PO-00651,2026-02-27,U006,manager,12166.3,approved
PO-00652,2026-03-01,U020,manager,28486.95,approved
PO-00653,2026-01-22,U006,manager,78175.56,approved
PO-00654,2026-01-16,U022,manager,17627.47,approved
PO-00655,2026-01-17,U002,director,134942.75,approved
PO-00656,2026-01-29,U003,manager,52932.04,approved
PO-00657,2026-02-01,U020,manager,20416.99,approved
PO-00658,2026-02-26,U003,manager,41223.37,approved
PO-00659,2026-03-28,U022,manager,27111.75,approved
PO-00660,2026-01-28,U022,manager,29307.17,approved
PO-00661,2026-02-22,U006,manager,22563.78,approved
PO-00662,2026-04-01,U006,manager,25567.23,approved
PO-00663,2026-02-25,U006,manager,31091.35,approved
PO-00664,2026-02-06,U011,manager,16827.29,approved
PO-00665,2026-01-31,U006,manager,21126.9,approved
PO-00666,2026-03-17,U006,manager,60362.99,approved
PO-00667,2026-03-26,U022,manager,24736.93,approved
PO-00668,2026-03-28,U004,director,129036.66,approved
PO-00669,2026-02-04,U011,manager,47667.58,approved
PO-00670,2026-03-26,U002,manager,21735.08,approved
PO-00671,2026-02-28,U006,manager,24860.81,approved
PO-00672,2026-03-17,U002,manager,17412.42,approved
PO-00673,2026-01-21,U004,manager,36666.17,approved
PO-00674,2026-01-10,U003,manager,26426.01,approved
PO-00675,2026-02-05,U001,manager,25409.93,approved
PO-00676,2026-02-26,U006,manager,53301.23,approved
PO-00677,2026-03-26,U022,manager,17926.35,approved
PO-00678,2026-03-29,U006,manager,21995.44,approved
PO-00679,2026-01-25,U001,manager,17060.41,approved
PO-00680,2026-03-01,U006,manager,25813.91,approved
PO-00681,2026-01-17,U003,manager,25128.41,approved
PO-00682,2026-01-18,U002,manager,27880.0,approved
PO-00683,2026-01-24,U002,manager,49947.91,approved
PO-00684,2026-02-27,U004,manager,60764.42,approved
PO-00685,2026-01-30,U006,manager,63743.4,approved
PO-00686,2026-02-03,U002,manager,12336.78,approved
PO-00687,2026-03-05,U003,manager,39998.56,approved
PO-00688,2026-01-11,U006,manager,26404.16,approved
PO-00689,2026-04-01,U006,manager,26668.86,approved
PO-00690,2026-02-21,U001,manager,11281.89,approved
PO-00691,2026-03-20,U002,director,102298.21,approved
PO-00692,2026-02-27,U003,manager,10802.9,approved
PO-00693,2026-04-01,U006,manager,21923.5,approved
PO-00694,2026-02-06,U002,manager,37861.38,approved
PO-00695,2026-01-20,U022,manager,28665.53,approved
PO-00696,2026-03-29,U001,manager,16271.11,approved
PO-00697,2026-04-03,U002,manager,48986.05,approved
PO-00698,2026-01-03,U003,manager,82516.53,approved
PO-00699,2026-03-31,U002,manager,19907.69,approved
PO-00700,2026-03-21,U006,manager,30609.47,approved
PO-00701,2026-01-20,U006,buyer,8202.75,approved
PO-00702,2026-01-31,U006,manager,24463.16,approved
PO-00703,2026-02-22,U001,manager,37819.16,approved
PO-00704,2026-01-11,U011,manager,29397.13,approved
PO-00705,2026-02-05,U006,manager,11662.21,approved
PO-00706,2026-03-24,U022,manager,14549.45,approved
PO-00707,2026-03-10,U006,manager,25343.7,approved
PO-00708,2026-03-05,U006,manager,24197.76,approved
PO-00709,2026-03-12,U022,manager,33932.76,approved
PO-00710,2026-03-27,U020,manager,34552.33,approved
PO-00711,2026-02-15,U001,manager,23781.4,approved
PO-00712,2026-03-29,U004,manager,13006.64,approved
PO-00713,2026-02-24,U006,manager,50092.21,approved
PO-00714,2026-02-18,U003,manager,49738.91,approved
PO-00715,2026-03-06,U006,manager,28687.55,approved
PO-00716,2026-01-03,U003,manager,36001.61,approved
PO-00717,2026-03-20,U004,manager,40382.95,approved
PO-00718,2026-03-21,U003,director,193967.7,approved
PO-00719,2026-03-10,U020,manager,52985.79,approved
PO-00720,2026-01-16,U006,manager,27508.77,approved
PO-00721,2026-01-27,U011,manager,10917.29,approved
PO-00722,2026-01-06,U006,manager,15063.89,approved
PO-00723,2026-02-06,U002,manager,24760.8,approved
PO-00724,2026-02-06,U011,manager,21886.99,approved
PO-00725,2026-01-17,U020,manager,22020.79,approved
PO-00726,2026-01-22,U004,manager,32028.69,approved
PO-00727,2026-03-08,U006,manager,21649.66,approved
PO-00728,2026-02-09,U011,manager,53169.03,approved
PO-00729,2026-02-10,U001,manager,16893.94,approved
PO-00730,2026-04-01,U020,manager,94146.4,approved
PO-00731,2026-03-31,U004,director,184207.23,approved
PO-00732,2026-03-08,U020,manager,19338.16,approved
PO-00733,2026-03-07,U001,manager,17351.62,approved
PO-00734,2026-02-03,U003,manager,49833.64,approved
PO-00735,2026-01-22,U020,manager,50563.54,approved
PO-00736,2026-01-18,U004,manager,39618.37,approved
PO-00737,2026-01-27,U003,manager,50125.52,approved
PO-00738,2026-01-11,U003,manager,11252.41,approved
PO-00739,2026-04-05,U006,manager,17021.49,approved
PO-00740,2026-02-20,U001,manager,40291.61,approved
PO-00741,2026-01-24,U006,manager,33638.1,approved
PO-00742,2026-04-05,U006,manager,33783.02,approved
PO-00743,2026-02-08,U006,manager,25232.5,approved
PO-00744,2026-01-27,U022,buyer,9788.52,approved
PO-00745,2026-02-07,U006,manager,21832.76,approved
PO-00746,2026-03-31,U001,manager,77263.35,approved
PO-00747,2026-01-26,U003,manager,18888.71,approved
PO-00748,2026-02-15,U022,manager,54039.45,approved
PO-00749,2026-02-04,U003,manager,19946.54,approved
PO-00750,2026-01-07,U011,manager,53135.61,approved
PO-00751,2026-02-18,U003,manager,79611.96,approved
PO-00752,2026-03-24,U004,manager,15254.24,approved
PO-00753,2026-03-06,U003,manager,41905.2,approved
PO-00754,2026-01-11,U020,buyer,7218.65,approved
PO-00755,2026-01-24,U020,manager,12462.22,approved
PO-00756,2026-02-21,U006,manager,26314.58,approved
PO-00757,2026-01-10,U002,manager,41934.57,approved
PO-00758,2026-01-16,U003,manager,27443.93,approved
PO-00759,2026-02-08,U022,manager,32543.14,approved
PO-00760,2026-02-15,U006,manager,41236.29,approved
PO-00761,2026-02-23,U002,manager,29125.25,approved
PO-00762,2026-02-05,U003,manager,41744.85,approved
PO-00763,2026-03-27,U006,manager,57081.58,approved
PO-00764,2026-02-03,U022,manager,22696.05,approved
PO-00765,2026-01-20,U022,manager,10999.31,approved
PO-00766,2026-02-04,U020,manager,12253.36,approved
PO-00767,2026-01-29,U020,manager,18047.38,approved
PO-00768,2026-03-06,U022,buyer,7029.45,approved
PO-00769,2026-02-20,U003,manager,42366.33,approved
PO-00770,2026-02-16,U011,manager,71024.72,approved
PO-00771,2026-02-18,U006,manager,17337.11,approved
PO-00772,2026-02-13,U004,manager,12148.94,approved
PO-00773,2026-01-14,U002,manager,93318.05,approved
PO-00774,2026-01-29,U020,manager,25547.62,approved
PO-00775,2026-03-14,U006,manager,30765.85,approved
PO-00776,2026-01-18,U022,manager,46089.82,approved
PO-00777,2026-03-11,U003,manager,28109.57,approved
PO-00778,2026-01-20,U006,manager,26560.83,approved
PO-00779,2026-03-06,U001,manager,38978.35,approved
PO-00780,2026-03-23,U006,manager,24314.82,approved
PO-00781,2026-02-21,U003,manager,20288.08,approved
PO-00782,2026-01-23,U020,manager,12159.02,approved
PO-00783,2026-04-04,U006,manager,31666.69,approved
PO-00784,2026-03-11,U004,manager,13119.49,approved
PO-00785,2026-02-04,U001,manager,18801.1,approved
PO-00786,2026-03-27,U002,director,107902.63,approved
PO-00787,2026-02-02,U002,manager,17274.22,approved
PO-00788,2026-01-12,U004,director,119996.9,approved
PO-00789,2026-01-01,U022,manager,45647.44,approved
PO-00790,2026-02-25,U022,manager,68926.3,approved
PO-00791,2026-03-06,U006,manager,38593.68,approved
PO-00792,2026-02-20,U006,buyer,8351.6,approved
PO-00793,2026-01-19,U001,manager,24782.08,approved
PO-00794,2026-02-10,U020,manager,10483.71,approved
PO-00795,2026-04-01,U001,manager,17732.49,approved
PO-00796,2026-02-22,U022,manager,81184.67,approved
PO-00797,2026-01-15,U002,manager,25356.66,approved
PO-00798,2026-03-10,U004,manager,13895.7,approved
PO-00799,2026-01-27,U002,manager,27525.9,approved
PO-00800,2026-01-15,U006,manager,27117.95,approved
PO-00801,2026-01-15,U003,manager,42978.74,approved
PO-00802,2026-03-25,U011,manager,62548.08,approved
PO-00803,2026-02-04,U003,manager,12454.31,approved
PO-00804,2026-01-12,U011,manager,14923.8,approved
PO-00805,2026-03-07,U004,buyer,9160.81,approved
PO-00806,2026-03-25,U006,manager,70754.91,approved
PO-00807,2026-01-28,U002,director,141438.95,approved
PO-00808,2026-01-30,U003,manager,20708.51,approved
PO-00809,2026-03-21,U004,manager,24013.93,approved
PO-00810,2026-03-11,U006,manager,22253.81,approved
PO-00811,2026-01-16,U006,manager,22441.47,approved
PO-00812,2026-03-27,U004,manager,21174.51,approved
PO-00813,2026-02-22,U011,manager,32108.36,approved
PO-00814,2026-01-08,U006,manager,39425.54,approved
PO-00815,2026-02-27,U020,manager,52306.41,approved
PO-00816,2026-03-19,U001,manager,22279.19,approved
PO-00817,2026-01-23,U011,manager,42082.22,approved
PO-00818,2026-03-21,U022,manager,12865.32,approved
PO-00819,2026-03-04,U002,manager,17888.23,approved
PO-00820,2026-01-21,U003,manager,65465.37,approved
PO-00821,2026-02-22,U006,manager,11611.45,approved
PO-00822,2026-01-03,U006,manager,10335.04,approved
PO-00823,2026-01-14,U004,manager,13476.71,approved
PO-00824,2026-01-24,U006,manager,22173.32,approved
PO-00825,2026-01-10,U006,manager,44867.43,approved
PO-00826,2026-01-07,U022,manager,25715.02,approved
PO-00827,2026-03-16,U020,manager,77741.65,approved
PO-00828,2026-02-05,U004,manager,49985.02,approved
PO-00829,2026-01-08,U022,manager,32543.85,approved
PO-00830,2026-01-11,U001,manager,74502.41,approved
PO-00831,2026-03-13,U006,manager,20872.44,approved
PO-00832,2026-03-19,U003,buyer,4701.83,approved
PO-00833,2026-01-05,U003,manager,40834.96,approved
PO-00834,2026-01-17,U020,manager,26540.01,approved
PO-00835,2026-03-26,U001,director,104634.13,approved
PO-00836,2026-02-28,U020,manager,74527.98,approved
PO-00837,2026-01-21,U002,manager,32024.14,approved
PO-00838,2026-01-28,U002,manager,16814.94,approved
PO-00839,2026-02-22,U002,director,100876.31,approved
PO-00840,2026-02-14,U006,manager,32658.89,approved
PO-00841,2026-03-25,U002,director,124271.27,approved
PO-00842,2026-02-20,U006,manager,23150.9,approved
PO-00843,2026-02-28,U002,manager,15379.23,approved
PO-00844,2026-03-24,U022,manager,60054.89,approved
PO-00845,2026-02-24,U006,manager,24920.96,approved
PO-00846,2026-03-12,U001,manager,27913.51,approved
PO-00847,2026-01-12,U004,manager,93109.57,approved
PO-00848,2026-03-23,U004,manager,27401.09,approved
PO-00849,2026-03-23,U001,manager,24576.18,approved
PO-00850,2026-01-26,U020,manager,28123.76,approved
PO-00851,2026-03-22,U006,manager,18415.75,approved
PO-00852,2026-03-04,U002,manager,23161.68,approved
PO-00853,2026-01-15,U011,manager,29731.05,approved
PO-00854,2026-02-03,U022,manager,32043.43,approved
PO-00855,2026-03-29,U011,manager,25048.88,approved
PO-00856,2026-01-29,U004,buyer,5745.8,approved
PO-00857,2026-01-16,U011,manager,30380.98,approved
PO-00858,2026-02-05,U001,cfo,336716.0,approved
PO-00859,2026-03-29,U006,manager,26984.12,approved
PO-00860,2026-03-20,U020,manager,28511.26,approved
PO-00861,2026-03-04,U022,manager,31577.18,approved
PO-00862,2026-03-17,U006,manager,55830.64,approved
PO-00863,2026-03-07,U020,manager,86173.42,approved
PO-00864,2026-03-02,U001,manager,25965.89,approved
PO-00865,2026-03-16,U003,manager,57127.76,approved
PO-00866,2026-03-25,U002,manager,23711.21,approved
PO-00867,2026-02-05,U002,manager,15898.11,approved
PO-00868,2026-03-11,U002,manager,57392.26,approved
PO-00869,2026-01-13,U006,manager,27794.79,approved
PO-00870,2026-03-16,U011,manager,35064.89,approved
PO-00871,2026-01-04,U001,director,116137.33,approved
PO-00872,2026-02-03,U003,manager,36526.29,approved
PO-00873,2026-03-20,U020,buyer,8624.58,approved
PO-00874,2026-03-19,U003,manager,58278.19,approved
PO-00875,2026-02-15,U006,manager,11421.74,approved
PO-00876,2026-01-15,U022,manager,16169.79,approved
PO-00877,2026-03-03,U006,manager,55534.58,approved
PO-00878,2026-03-19,U020,manager,17704.58,approved
PO-00879,2026-02-24,U004,manager,28723.38,approved
PO-00880,2026-01-10,U006,manager,19795.77,approved
PO-00881,2026-01-01,U006,manager,78565.35,approved
PO-00882,2026-01-17,U022,manager,21805.94,approved
PO-00883,2026-02-01,U003,manager,46211.92,approved
PO-00884,2026-01-27,U022,manager,13519.28,approved
PO-00885,2026-03-23,U004,manager,74156.81,approved
PO-00886,2026-02-17,U006,manager,53120.18,approved
PO-00887,2026-01-17,U004,manager,45553.75,approved
PO-00888,2026-01-14,U006,manager,27285.39,approved
PO-00889,2026-02-25,U022,manager,30801.85,approved
PO-00890,2026-03-31,U002,manager,72890.01,approved
PO-00891,2026-03-16,U006,manager,30733.66,approved
PO-00892,2026-02-23,U011,manager,13101.14,approved
PO-00893,2026-01-31,U004,manager,28755.1,approved
PO-00894,2026-03-14,U006,manager,14114.18,approved
PO-00895,2026-03-04,U002,manager,33037.94,approved
PO-00896,2026-02-22,U020,buyer,9403.89,approved
PO-00897,2026-02-24,U006,manager,33895.24,approved
PO-00898,2026-02-25,U006,manager,50215.58,approved
PO-00899,2026-01-11,U004,manager,56291.11,approved
PO-00900,2026-02-03,U003,manager,47383.68,approved
PO-00901,2026-03-13,U006,manager,29574.18,approved
PO-00902,2026-01-19,U006,manager,55683.86,approved
PO-00903,2026-02-04,U006,manager,39552.45,approved
PO-00904,2026-01-05,U020,manager,51255.44,approved
PO-00905,2026-03-31,U006,manager,14813.32,approved
PO-00906,2026-03-18,U004,manager,17831.82,approved
PO-00907,2026-03-26,U002,manager,10251.04,approved
PO-00908,2026-02-02,U020,manager,40053.12,approved
PO-00909,2026-01-04,U001,manager,56862.64,approved
PO-00910,2026-01-21,U002,manager,81665.18,approved
PO-00911,2026-02-02,U004,manager,10689.33,approved
PO-00912,2026-02-10,U004,director,101489.79,approved
PO-00913,2026-01-18,U001,manager,16642.72,approved
PO-00914,2026-02-16,U006,buyer,8347.8,approved
PO-00915,2026-03-11,U001,manager,50834.94,approved
PO-00916,2026-03-12,U020,manager,32012.78,approved
PO-00917,2026-01-12,U022,buyer,8065.93,approved
PO-00918,2026-02-25,U004,buyer,9390.5,approved
PO-00919,2026-01-11,U011,manager,16733.7,approved
PO-00920,2026-02-09,U020,buyer,9122.64,approved
PO-00921,2026-01-18,U011,manager,25229.08,approved
PO-00922,2026-03-05,U001,director,143514.33,approved
PO-00923,2026-01-13,U004,director,135140.53,approved
PO-00924,2026-01-02,U022,manager,10190.32,approved
PO-00925,2026-03-27,U022,manager,32423.11,approved
PO-00926,2026-02-26,U020,manager,25443.06,approved
PO-00927,2026-02-03,U006,buyer,7187.62,approved
PO-00928,2026-03-08,U002,manager,10621.86,approved
PO-00929,2026-01-06,U002,manager,13656.07,approved
PO-00930,2026-02-26,U006,manager,10259.47,approved
PO-00931,2026-02-09,U002,manager,50532.42,approved
PO-00932,2026-02-08,U006,manager,11124.53,approved
PO-00933,2026-03-30,U003,manager,18016.44,approved
PO-00934,2026-01-05,U004,manager,68343.29,approved
PO-00935,2026-03-02,U011,manager,17969.62,approved
PO-00936,2026-02-11,U011,manager,28551.64,approved
PO-00937,2026-03-28,U020,manager,26897.45,approved
PO-00938,2026-02-17,U020,manager,25380.7,approved
PO-00939,2026-01-23,U003,manager,34631.83,approved
PO-00940,2026-02-05,U001,manager,12148.0,approved
PO-00941,2026-01-29,U003,director,100866.54,approved
PO-00942,2026-02-08,U003,buyer,8987.48,approved
PO-00943,2026-01-16,U011,manager,32883.09,approved
PO-00944,2026-01-17,U006,manager,19755.47,approved
PO-00945,2026-01-27,U006,manager,42300.07,approved
PO-00946,2026-03-24,U020,manager,37944.95,approved
PO-00947,2026-03-09,U022,manager,18662.76,approved
PO-00948,2026-02-14,U014,buyer,9403.96,approved
PO-00949,2026-02-22,U022,manager,54749.61,approved
PO-00950,2026-02-03,U001,manager,13869.63,approved
PO-00951,2026-03-05,U009,buyer,8925.28,approved
PO-00952,2026-03-22,U003,manager,13607.1,approved
PO-00953,2026-02-01,U011,manager,34919.49,approved
PO-00954,2026-02-04,U004,manager,14787.35,approved
PO-00955,2026-03-17,U004,manager,79934.32,approved
PO-00956,2026-03-19,U006,manager,26316.5,approved
PO-00957,2026-03-25,U004,manager,16603.51,approved
PO-00958,2026-03-16,U004,manager,33108.12,approved
PO-00959,2026-03-18,U006,manager,30473.47,approved
PO-00960,2026-03-04,U006,manager,34275.2,approved
PO-00961,2026-03-28,U002,manager,90408.08,approved
PO-00962,2026-03-06,U011,manager,16653.12,approved
PO-00963,2026-01-27,U002,manager,27531.26,approved
PO-00964,2026-03-04,U022,manager,27062.36,approved
PO-00965,2026-03-11,U004,manager,42284.95,approved
PO-00966,2026-04-01,U004,manager,13402.09,approved
PO-00967,2026-03-25,U006,manager,10431.37,approved
PO-00968,2026-01-05,U006,buyer,3983.34,approved
PO-00969,2026-01-21,U006,manager,63208.41,approved
PO-00970,2026-01-13,U014,buyer,6768.13,approved
PO-00971,2026-02-19,U003,manager,33349.42,approved
PO-00972,2026-02-17,U020,manager,34334.95,approved
PO-00973,2026-01-26,U022,manager,28323.53,approved
PO-00974,2026-01-05,U022,manager,16781.75,approved
PO-00975,2026-02-10,U006,manager,92257.55,approved
PO-00976,2026-01-08,U003,manager,23514.06,approved
PO-00977,2026-03-04,U020,buyer,7235.82,approved
PO-00978,2026-02-13,U006,manager,26562.76,approved
PO-00979,2026-03-07,U011,manager,37893.79,approved
PO-00980,2026-01-30,U002,manager,20452.04,approved
PO-00981,2026-03-28,U002,manager,63147.92,approved
PO-00982,2026-03-15,U020,manager,47112.97,approved
PO-00983,2026-04-02,U003,manager,36075.02,approved
PO-00984,2026-03-30,U014,buyer,8361.21,approved
PO-00985,2026-02-15,U003,manager,69127.85,approved
PO-00986,2026-02-22,U001,manager,48434.18,approved
PO-00987,2026-02-23,U003,manager,66310.31,approved
PO-00988,2026-02-04,U002,manager,35964.85,approved
PO-00989,2026-02-01,U002,manager,23736.52,approved
PO-00990,2026-03-01,U003,manager,46632.76,approved
PO-00991,2026-02-01,U001,manager,50052.95,approved
PO-00992,2026-01-26,U022,manager,32475.04,approved
PO-00993,2026-03-05,U004,manager,28540.39,approved
PO-00994,2026-01-13,U003,manager,13935.54,approved
PO-00995,2026-03-10,U011,manager,11600.09,approved
PO-00996,2026-01-24,U011,manager,50774.17,approved
PO-00997,2026-02-04,U022,manager,38730.32,approved
PO-00998,2026-01-30,U020,manager,16210.8,approved
PO-00999,2026-03-07,U002,manager,21834.4,approved
PO-01000,2026-03-03,U011,buyer,9019.91,approved
PO-01001,2026-02-09,U022,manager,25022.4,approved
PO-01002,2026-03-15,U011,manager,16033.55,approved
PO-01003,2026-02-11,U002,manager,62979.26,approved
PO-01004,2026-02-07,U004,manager,75696.8,approved
PO-01005,2026-03-05,U002,manager,23455.51,approved
PO-01006,2026-01-26,U022,manager,64574.06,approved
PO-01007,2026-01-23,U004,buyer,3713.71,approved
PO-01008,2026-02-24,U020,manager,11228.31,approved
PO-01009,2026-03-26,U001,manager,20423.05,approved
PO-01010,2026-02-10,U006,manager,23278.91,approved
PO-01011,2026-02-24,U020,manager,79669.11,approved
PO-01012,2026-01-12,U011,manager,17424.81,approved
PO-01013,2026-02-11,U002,manager,29326.08,approved
PO-01014,2026-03-27,U004,manager,44567.6,approved
PO-01015,2026-03-02,U002,manager,20002.27,approved
PO-01016,2026-01-03,U006,buyer,3522.93,approved
PO-01017,2026-02-03,U011,manager,38091.68,approved
PO-01018,2026-01-15,U001,buyer,4835.44,approved
PO-01019,2026-01-22,U011,manager,18568.78,approved
PO-01020,2026-02-25,U002,director,150806.07,approved
PO-01021,2026-02-04,U022,manager,14533.79,approved
PO-01022,2026-01-25,U003,manager,42579.56,approved
PO-01023,2026-03-13,U006,manager,15546.87,approved
PO-01024,2026-03-30,U006,manager,14985.41,approved
PO-01025,2026-03-27,U002,manager,36116.27,approved
PO-01026,2026-02-20,U002,manager,65242.88,approved
PO-01027,2026-01-10,U002,manager,24380.6,approved
PO-01028,2026-02-03,U004,manager,25422.66,approved
PO-01029,2026-02-01,U006,buyer,2376.55,approved
PO-01030,2026-01-08,U006,manager,21844.9,approved
PO-01031,2026-02-21,U003,buyer,8180.9,approved
PO-01032,2026-01-22,U011,manager,44408.38,approved
PO-01033,2026-02-16,U003,manager,23976.97,approved
PO-01034,2026-02-16,U004,manager,73177.56,approved
PO-01035,2026-01-09,U003,buyer,5835.89,approved
PO-01036,2026-02-12,U001,manager,18193.34,approved
PO-01037,2026-03-17,U002,director,135418.71,approved
PO-01038,2026-02-09,U006,manager,35993.14,approved
PO-01039,2026-02-20,U001,manager,13775.06,approved
PO-01040,2026-03-17,U011,manager,14000.4,approved
PO-01041,2026-03-08,U004,manager,33942.32,approved
PO-01042,2026-03-25,U006,manager,96356.33,approved
PO-01043,2026-02-05,U003,manager,15450.09,approved
PO-01044,2026-01-31,U003,manager,43292.78,approved
PO-01045,2026-01-23,U001,manager,37699.08,approved
PO-01046,2026-03-09,U003,manager,25964.2,approved
PO-01047,2026-01-18,U006,manager,48110.86,approved
PO-01048,2026-01-17,U001,buyer,8681.69,approved
PO-01049,2026-02-23,U020,manager,25086.09,approved
PO-01050,2026-03-26,U006,manager,13005.36,approved
PO-01051,2026-03-09,U001,manager,65107.93,approved
PO-01052,2026-01-11,U001,cfo,293914.48,approved
PO-01053,2026-01-29,U006,manager,13734.46,approved
PO-01054,2026-03-22,U022,manager,50659.68,approved
PO-01055,2026-02-27,U001,manager,20210.99,approved
PO-01056,2026-02-25,U020,manager,10380.93,approved
PO-01057,2026-02-28,U003,manager,30278.38,approved
PO-01058,2026-03-25,U004,manager,44717.14,approved
PO-01059,2026-01-11,U004,manager,20482.43,approved
PO-01060,2026-01-23,U011,manager,41218.53,approved
PO-01061,2026-03-30,U006,manager,24900.98,approved
PO-01062,2026-02-14,U004,manager,40152.22,approved
PO-01063,2026-04-01,U011,manager,28208.15,approved
PO-01064,2026-03-07,U006,manager,29915.24,approved
PO-01065,2026-01-05,U020,manager,27081.2,approved
PO-01066,2026-02-05,U002,manager,47870.86,approved
PO-01067,2026-03-08,U001,cfo,301090.37,approved
PO-01068,2026-01-16,U002,manager,50659.23,approved
PO-01069,2026-03-13,U002,manager,42100.02,approved
PO-01070,2026-03-31,U002,manager,14917.87,approved
PO-01071,2026-02-17,U011,buyer,3555.05,approved
PO-01072,2026-03-04,U006,buyer,8497.95,approved
PO-01073,2026-01-31,U020,manager,44433.2,approved
PO-01074,2026-03-20,U004,manager,19871.28,approved
PO-01075,2026-02-03,U006,manager,13059.46,approved
PO-01076,2026-03-15,U006,manager,22774.91,approved
PO-01077,2026-02-24,U003,manager,18907.73,approved
PO-01078,2026-03-30,U001,manager,17716.39,approved
PO-01079,2026-03-30,U003,manager,21464.25,approved
PO-01080,2026-02-17,U006,manager,18449.28,approved
PO-01081,2026-02-05,U020,buyer,7951.8,approved
PO-01082,2026-02-28,U006,manager,14455.09,approved
PO-01083,2026-01-20,U003,manager,21621.59,approved
PO-01084,2026-03-01,U011,manager,18086.61,approved
PO-01085,2026-03-10,U001,cfo,271676.98,approved
PO-01086,2026-02-13,U002,manager,20617.56,approved
PO-01087,2026-03-05,U006,manager,19923.78,approved
PO-01088,2026-03-18,U003,manager,59942.42,approved
PO-01089,2026-01-20,U004,manager,10296.82,approved
PO-01090,2026-02-08,U006,manager,19070.45,approved
PO-01091,2026-02-04,U004,manager,61895.48,approved
PO-01092,2026-02-24,U003,manager,74723.52,approved
PO-01093,2026-03-26,U011,manager,24823.99,approved
PO-01094,2026-02-19,U002,manager,53882.4,approved
PO-01095,2026-01-05,U001,manager,11186.29,approved
PO-01096,2026-02-26,U002,manager,30753.81,approved
PO-01097,2026-02-25,U003,manager,28008.83,approved
PO-01098,2026-03-12,U006,manager,22590.12,approved
PO-01099,2026-03-29,U011,manager,21185.84,approved
PO-01100,2026-02-09,U022,manager,66572.11,approved
PO-01101,2026-03-27,U001,manager,30732.36,approved
PO-01102,2026-02-18,U001,manager,95021.53,approved
PO-01103,2026-02-15,U020,manager,17825.51,approved
PO-01104,2026-01-25,U001,manager,14638.87,approved
PO-01105,2026-02-12,U004,manager,17879.97,approved
PO-01106,2026-03-30,U002,manager,34519.99,approved
PO-01107,2026-04-04,U022,manager,28897.58,approved
PO-01108,2026-03-03,U002,director,158072.04,approved
PO-01109,2026-03-03,U006,manager,25434.01,approved
PO-01110,2026-02-27,U003,manager,23233.88,approved
PO-01111,2026-01-19,U004,manager,17152.91,approved
PO-01112,2026-02-12,U003,manager,30072.1,approved
PO-01113,2026-01-28,U006,manager,50166.52,approved
PO-01114,2026-02-28,U022,manager,46132.9,approved
PO-01115,2026-02-18,U003,buyer,4018.16,approved
PO-01116,2026-03-05,U003,manager,49921.06,approved
PO-01117,2026-01-06,U006,manager,59720.12,approved
PO-01118,2026-01-16,U011,manager,21355.01,approved
PO-01119,2026-02-07,U006,manager,17561.76,approved
PO-01120,2026-01-19,U004,buyer,8226.41,approved
PO-01121,2026-02-20,U001,manager,11552.04,approved
PO-01122,2026-01-27,U003,manager,27390.76,approved
PO-01123,2026-02-18,U002,manager,16413.28,approved
PO-01124,2026-03-04,U001,manager,16836.03,approved
PO-01125,2026-03-25,U004,manager,10707.34,approved
PO-01126,2026-01-01,U006,manager,26415.2,approved
PO-01127,2026-03-16,U004,manager,28359.48,approved
PO-01128,2026-04-03,U011,manager,18144.34,approved
PO-01129,2026-02-18,U011,manager,46053.97,approved
PO-01130,2026-01-16,U004,manager,39668.26,approved
PO-01131,2026-02-08,U002,manager,28959.6,approved
PO-01132,2026-01-23,U009,buyer,8383.99,approved
PO-01133,2026-01-30,U022,manager,26331.83,approved
PO-01134,2026-01-21,U002,manager,19971.05,approved
PO-01135,2026-03-24,U011,manager,28104.84,approved
PO-01136,2026-02-18,U020,manager,23086.43,approved
PO-01137,2026-03-15,U004,manager,28575.22,approved
PO-01138,2026-02-12,U002,manager,46100.57,approved
PO-01139,2026-01-31,U006,manager,17407.76,approved
PO-01140,2026-02-21,U006,manager,31666.69,approved
PO-01141,2026-03-01,U022,manager,32096.93,approved
PO-01142,2026-02-28,U003,manager,29956.38,approved
PO-01143,2026-01-20,U022,manager,12051.1,approved
PO-01144,2026-02-01,U004,manager,17665.55,approved
PO-01145,2026-02-27,U002,manager,49496.41,approved
PO-01146,2026-02-20,U003,manager,60478.03,approved
PO-01147,2026-03-02,U006,manager,93570.79,approved
PO-01148,2026-02-14,U003,manager,77020.86,approved
PO-01149,2026-01-16,U011,manager,38673.78,approved
PO-01150,2026-03-09,U006,manager,26220.5,approved
PO-01151,2026-03-12,U006,manager,35086.2,approved
PO-01152,2026-01-22,U002,manager,56454.58,approved
PO-01153,2026-01-07,U011,manager,16768.26,approved
PO-01154,2026-02-07,U011,manager,21576.0,approved
PO-01155,2026-02-16,U020,manager,18396.71,approved
PO-01156,2026-03-16,U004,manager,46805.61,approved
PO-01157,2026-02-03,U022,manager,28319.02,approved
PO-01158,2026-03-25,U006,manager,33938.85,approved
PO-01159,2026-03-24,U003,buyer,6671.12,approved
PO-01160,2026-03-27,U004,manager,21905.61,approved
PO-01161,2026-01-31,U002,manager,70988.07,approved
PO-01162,2026-03-24,U022,manager,12190.71,approved
PO-01163,2026-02-15,U003,manager,20536.73,approved
PO-01164,2026-01-06,U011,manager,37428.29,approved
PO-01165,2026-03-02,U002,manager,54553.66,approved
PO-01166,2026-03-25,U004,manager,45884.96,approved
PO-01167,2026-03-25,U002,manager,15181.37,approved
PO-01168,2026-02-28,U009,buyer,5635.96,approved
PO-01169,2026-02-14,U011,buyer,6092.98,approved
PO-01170,2026-01-03,U004,manager,21313.23,approved
PO-01171,2026-01-24,U020,manager,13517.66,approved
PO-01172,2026-01-06,U020,manager,40428.23,approved
PO-01173,2026-01-07,U006,manager,58600.71,approved
PO-01174,2026-03-02,U002,manager,63441.23,approved
PO-01175,2026-02-14,U011,manager,33117.77,approved
PO-01176,2026-03-03,U006,manager,14541.66,approved
PO-01177,2026-01-02,U022,manager,26791.63,approved
PO-01178,2026-01-10,U001,manager,41803.6,approved
PO-01179,2026-02-16,U006,manager,22346.07,approved
PO-01180,2026-02-11,U003,manager,56319.23,approved
PO-01181,2026-03-25,U001,manager,29871.46,approved
PO-01182,2026-02-18,U006,manager,53807.28,approved
PO-01183,2026-03-17,U001,manager,21052.82,approved
PO-01184,2026-02-02,U006,manager,13988.28,approved
PO-01185,2026-04-01,U022,manager,29412.01,approved
PO-01186,2026-03-13,U020,manager,17143.49,approved
PO-01187,2026-03-18,U006,manager,16002.23,approved
PO-01188,2026-03-27,U004,manager,32974.18,approved
PO-01189,2026-03-18,U002,manager,17536.92,approved
PO-01190,2026-02-23,U003,manager,25363.8,approved
PO-01191,2026-01-18,U009,buyer,6245.67,approved
PO-01192,2026-01-13,U011,manager,94315.43,approved
PO-01193,2026-02-02,U002,manager,37796.85,approved
PO-01194,2026-03-06,U004,manager,24910.68,approved
PO-01195,2026-01-27,U020,manager,28109.27,approved
PO-01196,2026-01-06,U004,manager,40906.94,approved
PO-01197,2026-01-25,U003,director,140046.62,approved
PO-01198,2026-02-18,U003,manager,23965.6,approved
PO-01199,2026-01-08,U002,manager,76504.79,approved
PO-01200,2026-03-07,U001,manager,45565.5,approved
PO-01201,2026-03-22,U002,manager,10713.51,approved
PO-01202,2026-03-17,U001,manager,32101.69,approved
PO-01203,2026-01-14,U006,manager,30731.93,approved
PO-01204,2026-02-19,U006,manager,47053.41,approved
PO-01205,2026-04-03,U001,manager,25229.47,approved
PO-01206,2026-01-25,U001,manager,26217.97,approved
PO-01207,2026-01-09,U006,manager,54371.66,approved
PO-01208,2026-03-07,U020,manager,11688.0,approved
PO-01209,2026-01-11,U022,manager,30967.58,approved
PO-01210,2026-01-08,U011,manager,43964.87,approved
PO-01211,2026-03-18,U022,manager,32485.86,approved
PO-01212,2026-02-15,U002,manager,44591.34,approved
PO-01213,2026-02-04,U006,manager,26771.9,approved
PO-01214,2026-02-19,U006,manager,35836.42,approved
PO-01215,2026-01-09,U002,manager,15849.59,approved
PO-01216,2026-01-06,U011,manager,15315.48,approved
PO-01217,2026-01-19,U022,manager,11925.96,approved
PO-01218,2026-01-22,U020,manager,19407.57,approved
PO-01219,2026-01-30,U006,manager,60836.23,approved
PO-01220,2026-03-18,U001,manager,22892.96,approved
PO-01221,2026-03-01,U003,manager,25775.85,approved
PO-01222,2026-01-20,U006,buyer,8690.01,approved
PO-01223,2026-03-17,U001,manager,55721.43,approved
PO-01224,2026-02-01,U011,manager,12324.04,approved
PO-01225,2026-03-17,U011,manager,21638.39,approved
PO-01226,2026-02-08,U011,manager,23369.26,approved
PO-01227,2026-03-08,U001,manager,23872.86,approved
PO-01228,2026-02-14,U011,manager,28309.1,approved
PO-01229,2026-02-14,U001,director,246633.45,approved
PO-01230,2026-01-07,U006,manager,49809.43,approved
PO-01231,2026-03-10,U022,manager,37461.6,approved
PO-01232,2026-01-17,U020,buyer,5407.97,approved
PO-01233,2026-01-31,U006,manager,17719.73,approved
PO-01234,2026-01-12,U001,manager,70085.55,approved
PO-01235,2026-01-27,U006,manager,24106.1,approved
PO-01236,2026-02-14,U020,manager,13927.77,approved
PO-01237,2026-03-15,U006,manager,42130.43,approved
PO-01238,2026-04-01,U004,manager,18004.47,approved
PO-01239,2026-03-03,U006,manager,62601.86,approved
PO-01240,2026-02-01,U006,manager,28963.11,approved
PO-01241,2026-03-15,U022,manager,15962.73,approved
PO-01242,2026-03-03,U003,director,147475.21,approved
PO-01243,2026-01-27,U006,manager,34147.32,approved
PO-01244,2026-01-09,U022,manager,21085.99,approved
PO-01245,2026-01-25,U014,buyer,9982.22,approved
PO-01246,2026-01-22,U001,manager,27291.09,approved
PO-01247,2026-02-09,U022,manager,25702.29,approved
PO-01248,2026-01-06,U004,manager,15789.98,approved
PO-01249,2026-01-10,U004,buyer,8906.8,approved
PO-01250,2026-01-17,U020,manager,19178.49,approved
PO-01251,2026-01-11,U001,manager,29524.35,approved
PO-01252,2026-02-11,U011,manager,79323.49,approved
PO-01253,2026-03-04,U003,manager,24789.77,approved
PO-01254,2026-02-04,U011,manager,40111.51,approved
PO-01255,2026-02-19,U002,manager,76030.16,approved
PO-01256,2026-01-31,U006,buyer,4968.06,approved
PO-01257,2026-01-04,U002,manager,11393.5,approved
PO-01258,2026-02-05,U006,manager,12960.95,approved
PO-01259,2026-01-06,U001,manager,66323.22,approved
PO-01260,2026-02-05,U004,manager,10775.3,approved
PO-01261,2026-01-16,U006,buyer,6604.6,approved
PO-01262,2026-02-02,U002,manager,52153.58,approved
PO-01263,2026-01-19,U004,manager,17372.6,approved
PO-01264,2026-01-07,U004,manager,19349.88,approved
PO-01265,2026-03-05,U006,manager,14557.15,approved
PO-01266,2026-03-17,U002,manager,12215.29,approved
PO-01267,2026-03-07,U006,manager,32966.58,approved
PO-01268,2026-03-07,U002,manager,52462.4,approved
PO-01269,2026-01-05,U001,manager,56562.59,approved
PO-01270,2026-03-07,U003,buyer,7390.67,approved
PO-01271,2026-01-05,U002,manager,33367.6,approved
PO-01272,2026-01-29,U006,manager,62995.27,approved
PO-01273,2026-01-06,U006,manager,19116.09,approved
PO-01274,2026-01-31,U002,manager,31574.06,approved
PO-01275,2026-03-01,U002,manager,18407.54,approved
PO-01276,2026-02-15,U022,manager,17260.1,approved
PO-01277,2026-01-24,U020,buyer,7070.59,approved
PO-01278,2026-03-25,U004,director,102243.76,approved
PO-01279,2026-02-09,U006,manager,18226.23,approved
PO-01280,2026-02-14,U022,manager,58716.33,approved
PO-01281,2026-01-10,U011,buyer,6983.42,approved
PO-01282,2026-02-05,U022,manager,36047.64,approved
PO-01283,2026-01-22,U001,manager,20854.84,approved
PO-01284,2026-01-24,U022,buyer,9053.04,approved
PO-01285,2026-01-14,U001,manager,45575.84,approved
PO-01286,2026-03-11,U004,manager,16089.22,approved
PO-01287,2026-01-06,U006,manager,13763.14,approved
PO-01288,2026-02-05,U020,manager,21655.22,approved
PO-01289,2026-01-24,U020,manager,18486.52,approved
PO-01290,2026-03-09,U006,manager,21533.79,approved
PO-01291,2026-01-24,U022,manager,40699.4,approved
PO-01292,2026-03-31,U011,manager,23509.31,approved
PO-01293,2026-01-06,U002,manager,11357.07,approved
PO-01294,2026-02-09,U022,manager,76224.12,approved
PO-01295,2026-03-29,U011,manager,87049.7,approved
PO-01296,2026-02-10,U004,manager,14371.2,approved
PO-01297,2026-02-08,U006,buyer,4459.44,approved
PO-01298,2026-03-27,U006,manager,35113.53,approved
PO-01299,2026-03-26,U001,manager,17892.88,approved
PO-01300,2026-01-22,U022,manager,28270.75,approved
PO-01301,2026-01-02,U022,manager,16818.61,approved
PO-01302,2026-03-11,U020,manager,71850.72,approved
PO-01303,2026-03-08,U011,manager,15534.45,approved
PO-01304,2026-01-28,U022,manager,39710.94,approved
PO-01305,2026-03-16,U011,manager,41054.01,approved
PO-01306,2026-02-17,U006,manager,76474.95,approved
PO-01307,2026-02-16,U001,manager,23708.76,approved
PO-01308,2026-02-05,U006,manager,17139.02,approved
PO-01309,2026-01-20,U022,manager,19565.45,approved
PO-01310,2026-02-25,U006,manager,61080.61,approved
PO-01311,2026-03-12,U022,manager,70905.19,approved
PO-01312,2026-02-28,U002,manager,96324.25,approved
PO-01313,2026-02-17,U003,manager,20165.86,approved
PO-01314,2026-02-26,U002,manager,27105.21,approved
PO-01315,2026-03-23,U003,manager,36817.81,approved
PO-01316,2026-02-06,U011,manager,29045.08,approved
PO-01317,2026-02-27,U020,manager,76428.38,approved
PO-01318,2026-03-15,U011,manager,69372.87,approved
PO-01319,2026-02-03,U006,manager,51787.67,approved
PO-01320,2026-02-18,U004,manager,24016.02,approved
PO-01321,2026-01-31,U020,manager,22198.17,approved
PO-01322,2026-01-31,U003,manager,24595.01,approved
PO-01323,2026-03-25,U004,manager,35737.66,approved
PO-01324,2026-01-09,U020,manager,93934.56,approved
PO-01325,2026-01-31,U022,manager,47886.32,approved
PO-01326,2026-03-10,U002,manager,13506.41,approved
PO-01327,2026-02-02,U001,manager,16058.22,approved
PO-01328,2026-03-29,U020,manager,21759.29,approved
PO-01329,2026-01-05,U011,manager,70122.8,approved
PO-01330,2026-02-01,U004,manager,46564.91,approved
PO-01331,2026-02-25,U004,manager,55464.19,approved
PO-01332,2026-03-05,U001,manager,19664.39,approved
PO-01333,2026-03-01,U004,manager,10280.32,approved
PO-01334,2026-01-19,U002,manager,22797.62,approved
PO-01335,2026-01-06,U020,manager,40713.84,approved
PO-01336,2026-01-16,U020,manager,66914.13,approved
PO-01337,2026-02-12,U003,manager,39674.5,approved
PO-01338,2026-03-12,U006,manager,49660.97,approved
PO-01339,2026-03-03,U006,manager,20218.63,approved
PO-01340,2026-01-12,U022,manager,21600.06,approved
PO-01341,2026-01-26,U006,manager,29042.84,approved
PO-01342,2026-03-18,U020,manager,20081.47,approved
PO-01343,2026-03-06,U006,manager,34706.94,approved
PO-01344,2026-03-15,U003,manager,33627.62,approved
PO-01345,2026-02-18,U004,manager,12281.79,approved
PO-01346,2026-01-11,U006,manager,78236.01,approved
PO-01347,2026-03-21,U004,manager,14095.54,approved
PO-01348,2026-01-25,U022,manager,54655.89,approved
PO-01349,2026-03-22,U022,manager,17226.16,approved
PO-01350,2026-03-02,U022,manager,29296.69,approved
PO-01351,2026-02-05,U020,manager,25235.57,approved
PO-01352,2026-03-17,U006,buyer,7009.31,approved
PO-01353,2026-03-23,U003,manager,33800.39,approved
PO-01354,2026-01-28,U022,manager,11598.31,approved
PO-01355,2026-02-11,U004,buyer,4151.43,approved
PO-01356,2026-02-03,U001,manager,64798.22,approved
PO-01357,2026-02-07,U003,manager,16191.44,approved
PO-01358,2026-02-19,U006,buyer,6855.04,approved
PO-01359,2026-02-23,U002,director,187326.61,approved
PO-01360,2026-02-18,U004,manager,54677.85,approved
PO-01361,2026-04-02,U004,manager,20650.7,approved
PO-01362,2026-02-16,U011,manager,15253.08,approved
PO-01363,2026-03-29,U022,manager,38571.7,approved
PO-01364,2026-02-05,U003,buyer,5071.45,approved
PO-01365,2026-03-12,U001,manager,12617.94,approved
PO-01366,2026-03-28,U004,manager,18107.93,approved
PO-01367,2026-01-10,U001,manager,32012.58,approved
PO-01368,2026-02-05,U006,manager,61880.62,approved
PO-01369,2026-02-08,U006,manager,33663.06,approved
PO-01370,2026-02-20,U020,manager,34343.0,approved
PO-01371,2026-01-11,U002,manager,14464.5,approved
PO-01372,2026-02-27,U003,manager,20184.39,approved
PO-01373,2026-01-17,U006,manager,78259.13,approved
PO-01374,2026-02-14,U001,manager,35322.5,approved
PO-01375,2026-03-26,U020,manager,19921.37,approved
PO-01376,2026-03-10,U001,manager,36940.6,approved
PO-01377,2026-01-24,U011,manager,17702.71,approved
PO-01378,2026-01-04,U020,manager,31535.68,approved
PO-01379,2026-03-11,U006,manager,17138.85,approved
PO-01380,2026-02-05,U004,director,111929.61,approved
PO-01381,2026-03-29,U001,manager,11095.83,approved
PO-01382,2026-03-13,U004,manager,25265.97,approved
PO-01383,2026-02-11,U022,manager,31509.38,approved
PO-01384,2026-02-17,U020,manager,75353.78,approved
PO-01385,2026-02-01,U011,manager,10779.55,approved
PO-01386,2026-03-14,U001,manager,17830.71,approved
PO-01387,2026-01-23,U011,manager,27732.67,approved
PO-01388,2026-02-20,U001,manager,57832.41,approved
PO-01389,2026-02-08,U004,director,183061.22,approved
PO-01390,2026-02-05,U002,manager,17283.78,approved
PO-01391,2026-01-04,U002,manager,23008.07,approved
PO-01392,2026-02-20,U004,director,133491.19,approved
PO-01393,2026-03-11,U022,manager,29646.23,approved
PO-01394,2026-01-27,U020,manager,13023.21,approved
PO-01395,2026-01-06,U020,manager,41369.82,approved
PO-01396,2026-01-17,U003,manager,29430.91,approved
PO-01397,2026-02-26,U004,manager,14678.08,approved
PO-01398,2026-03-29,U003,manager,46970.94,approved
PO-01399,2026-01-17,U006,manager,43049.67,approved
PO-01400,2026-02-27,U011,manager,19780.2,approved
PO-01401,2026-01-20,U001,manager,66679.36,approved
PO-01402,2026-03-29,U002,buyer,9177.79,approved
PO-01403,2026-01-15,U006,manager,24434.07,approved
PO-01404,2026-02-05,U011,manager,28306.13,approved
PO-01405,2026-02-18,U006,manager,81022.26,approved
PO-01406,2026-02-08,U002,manager,15736.34,approved
PO-01407,2026-01-18,U001,manager,40494.46,approved
PO-01408,2026-04-01,U001,manager,41805.68,approved
PO-01409,2026-03-11,U006,manager,52282.0,approved
PO-01410,2026-02-08,U003,manager,44444.24,approved
PO-01411,2026-02-25,U002,manager,39881.27,approved
PO-01412,2026-03-13,U020,manager,20566.36,approved
PO-01413,2026-03-08,U004,manager,45115.76,approved
PO-01414,2026-01-22,U011,manager,49217.66,approved
PO-01415,2026-01-19,U003,manager,72879.58,approved
PO-01416,2026-02-04,U004,manager,12313.72,approved
PO-01417,2026-01-29,U002,manager,16851.53,approved
PO-01418,2026-03-18,U003,manager,33995.24,approved
PO-01419,2026-04-02,U002,manager,36450.92,approved
PO-01420,2026-01-03,U006,manager,38298.76,approved
PO-01421,2026-03-16,U001,manager,14870.47,approved
PO-01422,2026-01-08,U006,manager,14731.96,approved
PO-01423,2026-03-02,U020,manager,26867.25,approved
PO-01424,2026-02-11,U004,director,109645.58,approved
PO-01425,2026-01-09,U006,manager,16427.1,approved
PO-01426,2026-03-29,U014,buyer,8893.95,approved
PO-01427,2026-03-19,U003,manager,26363.58,approved
PO-01428,2026-03-23,U022,manager,30272.84,approved
PO-01429,2026-03-10,U003,manager,42356.19,approved
PO-01430,2026-04-02,U001,buyer,4603.03,approved
PO-01431,2026-03-31,U003,buyer,5385.65,approved
PO-01432,2026-01-23,U001,manager,59990.44,approved
PO-01433,2026-01-27,U003,manager,11822.86,approved
PO-01434,2026-01-08,U022,manager,58607.17,approved
PO-01435,2026-03-12,U006,manager,22721.52,approved
PO-01436,2026-01-21,U004,manager,27909.77,approved
PO-01437,2026-01-31,U020,manager,13528.42,approved
PO-01438,2026-02-23,U002,manager,27973.81,approved
PO-01439,2026-01-11,U009,buyer,5608.42,approved
PO-01440,2026-02-12,U002,manager,21690.59,approved
PO-01441,2026-03-07,U003,manager,31386.77,approved
PO-01442,2026-01-10,U003,manager,38305.41,approved
PO-01443,2026-01-29,U003,manager,18236.94,approved
PO-01444,2026-01-23,U020,manager,43062.04,approved
PO-01445,2026-02-18,U001,director,100290.24,approved
PO-01446,2026-04-03,U004,manager,34601.78,approved
PO-01447,2026-03-08,U020,manager,15306.83,approved
PO-01448,2026-02-08,U004,manager,29799.67,approved
PO-01449,2026-01-20,U004,manager,16414.61,approved
PO-01450,2026-03-19,U003,manager,85463.31,approved
PO-01451,2026-03-29,U002,director,207343.16,approved_after_release
PO-01452,2026-02-12,U004,director,203847.59,approved_after_release
PO-01453,2026-01-15,U004,director,160773.78,approved_after_release
PO-01454,2026-04-03,U004,director,134423.57,approved_after_release
PO-01455,2026-03-28,U002,director,139256.86,approved_after_release
PO-01456,2026-03-05,U003,director,162552.01,approved_after_release
PO-01457,2026-03-05,U004,director,121050.22,approved_after_release
PO-01458,2026-02-28,U011,manager,29865.29,approved_after_release
PO-01459,2026-03-15,U006,manager,65573.62,approved_after_release
PO-01460,2026-02-03,U003,director,175781.59,approved_after_release
PO-01461,2026-01-31,U004,manager,75726.37,approved_after_release
PO-01462,2026-02-01,U006,manager,36174.36,approved_after_release
PO-01463,2026-02-10,U001,director,126599.16,approved_after_release
PO-01464,2026-02-03,U003,director,192707.76,approved_after_release
PO-01465,2026-03-03,U001,director,135541.27,approved_after_release
PO-01466,2026-02-17,U004,manager,67452.02,approved_after_release
PO-01467,2026-03-11,U004,director,100079.81,approved_after_release
PO-01468,2026-02-21,U022,manager,85303.73,approved_after_release
PO-01469,2026-02-20,U003,director,183499.25,approved_after_release
PO-01470,2026-01-30,U003,director,211598.44,approved_after_release
PO-01471,2026-02-07,U004,director,212928.28,approved_after_release
PO-01472,2026-02-19,U004,director,139149.52,approved_after_release
PO-01473,2026-03-15,U004,manager,44662.91,approved_after_release
PO-01474,2026-02-02,U003,manager,46418.77,approved_after_release
PO-01475,2026-03-12,U004,director,136440.84,approved_after_release
PO-01476,2026-01-25,U002,director,205373.13,approved_after_release
PO-01477,2026-03-01,U002,manager,52249.1,approved_after_release
PO-01478,2026-03-24,U004,director,142878.07,approved_after_release
PO-01479,2026-01-25,U002,director,197836.86,approved_after_release
PO-01480,2026-02-08,U003,director,186021.73,approved_after_release
PO-01481,2026-02-23,U001,director,111422.06,approved_after_release
PO-01482,2026-02-18,U002,director,145723.29,approved_after_release
PO-01483,2026-01-13,U020,manager,53492.51,approved_after_release
PO-01484,2026-01-08,U002,manager,72924.71,approved_after_release
PO-01485,2026-01-15,U004,director,195827.33,approved_after_release
PO-01486,2026-02-02,U011,manager,80481.28,approved_after_release
PO-01487,2026-02-15,U006,manager,71534.68,approved_after_release
PO-01488,2026-01-27,U003,director,127047.6,approved_after_release
PO-01489,2026-01-13,U006,manager,49437.0,approved
PO-01490,2026-01-12,U011,manager,49198.0,approved
PO-01491,2026-01-14,U022,manager,47891.0,approved
PO-01492,2026-01-26,U011,manager,48787.0,approved
PO-01493,2026-01-26,U004,manager,49598.0,approved
PO-01494,2026-01-25,U004,manager,48465.0,approved
PO-01495,2026-02-07,U011,manager,49130.0,approved
PO-01496,2026-02-08,U011,manager,49135.0,approved
PO-01497,2026-02-09,U004,manager,47596.0,approved
PO-01498,2026-02-20,U020,manager,48916.0,approved
PO-01499,2026-02-20,U001,manager,49173.0,approved
PO-01500,2026-02-20,U022,manager,48379.0,approved
PO-01501,2026-03-07,U022,manager,49036.0,approved
PO-01502,2026-03-07,U001,manager,48942.0,approved
PO-01503,2026-03-07,U001,manager,46974.0,approved
